attendance,assignment_delay,participation,study_hours,stress_level,dropout_risk
82.45071229516849,0.3666022702701539,5.381581845900273,8.840031470420342,5.632716643072289,1
72.92603548243223,0.22089763457015135,4.495687188818834,4.631066686000844,3.229502627751555,0
84.71532807151038,2.023568229408261,6.638349020838361,11.351033380206495,5.3621254855421645,0
97.84544784612038,2.451589879023199,8.680900892046289,16.45141296091177,7.6065560746321275,0
71.48769937914996,0.06419149347206422,2.249655060708511,19.760235726684517,6.172331600785567,1
71.4879456457623,5.5043881088978175,6.230052158294835,,,0
98.68819223261087,0.10674097135801607,5.679734408866719,11.696017422852528,5.514397940711855,0
86.51152093729362,1.558701776191244,7.342680152900932,7.586413529221514,4.518669650939574,0
67.95788421097572,2.469280008122478,6.426393256475379,14.748486637001788,5.015760369389456,0
83.13840065378947,4.095407104909522,4.496061336522362,8.212570926473482,4.348777895702993,0
68.04873460781306,2.5041349457440525,5.361892128666764,19.5850225059296,4.671329588229217,1
68.01405369644614,3.236231745193452,4.407948286393022,0.7130680645271106,5.42418670614835,0
78.62943407349051,0.8293654982928672,8.152014277197196,12.122962620380301,3.0132826008360984,0
46.30079633013303,3.3729091386958467,6.0426232973438845,17.408858713533938,2.9682423460200433,1
49.12623251230451,0.1670128995163253,9.802381371506016,16.470676130580035,2.222914892337578,0
66.5656870613854,4.504100637570432,5.878678372370758,,,0
59.80753319498364,1.586343365757859,4.583186466179074,17.79840019654326,2.5654346155590413,0
79.71370998892911,3.3997952193310375,2.9725712147743457,6.967563225263918,5.318925013608259,1
61.37963886718184,1.2041219438700927,2.39372064748811,14.236286023287416,3.214424969016232,1
53.81544447997062,2.0632780034401774,2.8317281139890205,0.7900293322683858,6.0272289284621925,1
96.98473153382331,1.4947956279175392,6.534253302022967,14.355202005625912,5.0694274975051234,0
71.61335549270197,2.6304756699738414,7.017450046459867,8.33555154399393,1.0629915731238926,0
76.01292307031886,0.17030979977791233,2.837618595935733,22.323122204481294,6.30995116844338,1
53.62877720679815,0.12450006263803015,7.790076628152231,10.60367780323572,6.62159729118342,0
66.83425913212226,0.5676543150798328,5.033877896633121,14.065872673638028,3.0122746503302933,0
76.66383884564799,0.3476229730303001,6.293586023971098,9.915537268764773,5.840383085789983,0
57.73509633866546,4.1080711140047965,9.224441256510849,28.91081081482665,3.287003525181602,0
80.63547027518509,0.4949083163611079,7.793678631731064,12.430057871056707,5.195340753496671,0
65.99041965121792,7.448205618868187,5.4629387041883355,29.660456347833616,2.4710031860900687,0
70.62459375310085,0.8216462486628586,4.217615549169425,21.513214096946133,1.4137870949308464,0
65.97440081655904,0.40207420795770576,1.6963691973413901,18.85653381868309,4.234365620774063,1
100.0,3.118426195188695,4.56169336151516,17.949865178540158,4.752542107450328,0
74.79754162893099,2.1500324106830373,5.577739522344611,18.15037838573001,4.204640612770792,0
59.13433606566149,1.3790902174468676,4.025640945697632,,2.631938883554881,1
87.33817368154783,1.6209965982312413,5.737486065815391,12.768932846793948,4.200201875737726,0
56.68734525043467,2.5402378794579326,6.153703765917537,21.761263769474574,5.538589505161468,0
78.13295392507133,0.5187198913734135,5.550288036383843,14.608822532207157,4.910213939754926,0
45.60494814180336,11.217262464095409,4.6999948383530805,3.7584812255713995,5.365002061198426,1
55.07720926652354,7.36127995578019,6.337309343933455,14.580764395380244,3.6597695990915344,1
77.95291853803685,2.1015061802651136,6.883881299138818,28.632844130043928,7.34343582943232,0
86.07699869993115,0.4451435569377867,3.819201845114308,24.975133724277754,2.6476533268904388,0
77.57052421784955,2.2802955905507374,8.82186475949254,14.503967925071747,5.975120594173437,0
73.2652757641764,0.14987474366858658,5.802823735431477,22.61159421646469,7.3637821859199235,1
70.48344456616067,0.06226423304723896,6.037699245889695,12.067943837055585,5.961816185497791,0
52.82217014448859,0.5959575062777931,7.4164288465131145,1.3690273053862487,4.59495154587034,1
64.20233687407936,1.2421106037468779,6.466432262527003,,3.943405906674042,0
68.09041843560318,4.054039850381681,7.90627326782649,27.50311014806558,7.072175302092512,0
90.85683339328374,2.597805957635778,6.574248330403648,12.808055345365567,2.154050149476654,0
80.15427434352692,2.715075809498644,4.775125250719125,13.052928164999855,3.059751479240713,0
48.554397669558995,1.1084871588148277,6.723007050412203,12.601294429800955,4.204884469016557,0
79.86125954092192,0.8490970653789652,3.7125475853586765,30.233092716584054,7.475307515023996,0
69.22376579375525,0.9273713010945941,6.217119411553046,28.007671322896506,5.759535272081792,0
64.84616999541062,8.788127783033008,5.933540018711079,32.750241867585075,3.0639084829795094,1
84.17514433261302,0.08187148408785734,5.583766285454921,13.72763831679959,4.379384589230193,0
90.46499283743927,4.035285983511478,5.742924977122138,17.36499590997676,3.771353711807411,0
88.96920178674299,1.728703482705325,2.236301909004722,2.866859604633671,3.58042201553293,1
62.41173715166042,1.154698162069319,4.902550184518077,26.815475408946195,6.957779117113558,1
70.36181436223178,2.583843134977741,6.185689802282229,,2.2565137414729888,0
79.96895147105346,1.333668607198428,6.319712783994801,16.734204510101033,8.217561711468747,1
89.63317690683539,4.133812682535534,3.9446497181480837,6.221579778937247,6.656459380369245,1
67.81238643232065,4.619256959240749,8.531415681729401,10.289065386090432,7.181723341207396,0
72.21511535004274,1.0953974027080495,4.267650303570998,8.301900551602397,4.074120975949484,0
58.40497538990958,0.6482158141702838,7.938914401053474,10.136997914593458,4.700118561841781,0
57.05690063878994,1.7946942438818185,6.854388723743369,10.687018374808172,2.133696370950576,0
87.18788733591298,4.869111879047198,4.707545380312394,,3.9506751858663938,0
95.34360042856234,0.4731217979000491,9.550621785219024,21.666671294242455,5.987309695286302,0
73.91984817629499,1.9508429153991511,3.61272633648704,6.161097655499839,7.592126123562792,1
90.05299346838036,1.996956000451087,7.8383083472200035,16.764331416110934,2.7856863663950966,0
80.42454037571451,2.641860030253711,8.001164636085957,24.743673218444467,4.268988126029468,0
65.32320368092314,0.28213125940532086,4.65875958184671,10.894429083892831,4.697401559534955,1
80.4209340826262,2.5163298182542198,8.784930600128657,9.256648874019184,2.2084215956150297,0
98.07054849698955,4.79450641257849,5.499906970802094,13.155802998557993,6.1826984835168,1
74.46260941335073,0.3961291215602891,6.577387258559714,24.437801666885683,3.552019336514782,0
98.4696548372101,0.5424191833743239,6.5206436775424415,16.552861047626863,4.609219297645952,0
35.703823438653835,7.108354077723023,5.731382517058904,10.750285643139211,4.096101256176245,1
87.32853756562835,0.3992861095103158,7.621616546319564,18.87101320950432,3.421322988560651,0
76.30570602357257,3.853579535513316,7.586977441104426,6.1816628013086135,4.985910029038891,0
70.51488974301199,1.3556418851070982,2.5029360535236385,20.450876083543584,4.568780842863955,0
76.37641164803253,0.5679939399887409,8.608680485756306,18.26885846161414,,0
45.18646628098661,4.092012003489698,2.6750160239286513,12.537532230888928,3.5430767566393144,0
71.70492168243732,1.1786746511199115,8.065092408683315,8.291313612422151,5.639049341565911,0
80.35668857267619,1.4464597382022362,8.253410273655167,7.906552621732342,8.30723453698457,0
97.16841067112274,0.8901799183556157,3.8180671395696035,19.27853869076728,5.279774465678255,0
67.22594672589528,1.797642685370157,5.17837142409083,24.831844019912495,6.992236429822258,0
62.87259595660218,0.35711459523526273,3.7885906630281285,9.901538023769643,2.2195561496930747,1
67.47364434623195,0.9921418127269471,5.570157939422529,18.667093628411873,5.315522878587539,1
88.73103176553111,6.974316083642288,5.383931431628517,0.0,2.805263362057867,0
79.93126664489526,0.5971717608480124,7.55932106453868,10.323058154742403,2.046150144936197,0
67.05359694349441,2.1385147690342055,8.620617492239216,14.751528537032785,3.5212571850819274,0
82.69901149670034,0.7866484087778541,8.791367621579912,7.722532664145331,7.383798668827145,0
76.4561632402206,2.96978338141433,4.875663946843396,7.507949001683232,6.900031657339291,0
89.52967485799334,0.2805335592202735,5.581556252510945,9.65776354824891,5.4860094441088,0
64.46920359183972,7.0012209088488,2.6331236155580995,17.337541826610984,1.9345988802201384,1
70.08506780103347,1.2095018443294756,4.388259867007623,13.501367852749002,4.607438697224127,1
69.11837770301764,0.5385070869954405,7.929703266194915,0.0,5.603400017803471,1
53.04727577801822,0.15267544511187414,9.231165647096464,0.0,5.351072459157196,1
79.44180415596864,0.37207588020918786,3.531302256240156,10.145078577142597,1.3124128330385085,0
78.91582908269834,1.466996690859163,4.815071481694211,18.661492688428417,3.2193643039602566,0
75.07670184963692,0.8219701596103333,5.947188486082146,0.0,4.871844471702567,1
71.4811929993728,3.530819768244315,6.560322317639214,11.002158590786955,6.072581819034379,0
53.769438869243785,1.1273543813711848,4.3807929601567075,10.790017147860631,1.0,0
68.69032015851961,0.571938473951702,6.8481220889281795,26.106702225667583,4.675752049040283,0
69.85928225209845,1.9201978331469356,5.052321305858168,11.91982550629709,,1
62.96584096167572,2.4536452139186897,5.9710954582434415,18.063911877927428,6.6992239770324264,1
72.58071432500986,0.36554389537169363,7.092568496007399,16.130057120699707,6.385715168474873,0
81.06076285221808,0.3669305402615214,6.0128445396218755,0.0,6.165142637617611,0
100.0,0.07472145601896547,5.127228218946863,21.1456577330539,3.400118986596132,0
77.61866719247759,2.666660241579668,5.780780392148339,16.723172043650305,1.1839957257533849,0
78.86325586084146,2.180125050294198,5.82327408158933,19.066149117396716,4.213894485877198,0
73.8833112635075,1.2873083392705855,5.2599779402357445,40.0,7.00326365041712,0
46.21843177051438,3.7179849813523003,5.482407874665795,0.0,7.786909055048863,1
74.60229186826174,3.2763966423387028,9.197294341009433,28.79757319808887,6.4210982045955705,0
75.90345314911539,1.7606620272718432,7.121838895882478,12.700419844797155,5.858681645603468,0
100.0,4.054021253058005,5.409039363941679,17.298631235224075,5.759279296771931,0
72.11458552828316,0.4609437007411471,7.393908809021472,14.635902037590062,3.887762506478439,0
79.52321013500419,0.23738604278056916,5.33236102048798,11.606109332815652,4.73987941289276,0
74.47932345442135,0.6287356114562158,8.346249275173282,10.44133657408993,8.338139051652663,0
57.46982943570702,0.11756221345992542,6.739284384396187,17.636069884584074,3.1148839884162474,0
92.14234221772531,1.5150280856678877,5.7853957119915425,2.862610426626567,8.229557581419703,1
86.27899549030161,5.516762410803933,6.895433851620555,21.004633340174124,4.3559436910158835,0
86.8654792056457,0.08027683281876447,2.8582476958630014,11.670444760917968,7.650864218190157,1
61.35918817807892,0.2604677599662335,3.7464650621803894,5.959445287677138,2.1863699810049235,0
96.04191466404149,1.2036864966038618,3.612149987201889,11.399897136033491,6.171808402329298,1
53.97223405811579,5.432417307751989,6.285886189527414,25.057193734900583,3.526459728104756,0
83.80285640700406,0.760051222113574,9.465029998970184,10.717319303870216,2.169465616151625,0
100.0,1.4154450075426903,10.0,17.867628945676962,,0
60.14195512303968,0.08492346600210339,7.276102202881514,9.152349794276214,7.018943577191937,1
66.50553405595842,0.32114330267283786,7.001688949888914,21.063374799388956,3.3101171228130073,0
76.49477047631461,8.629502169066757,2.397884531694522,20.484061910321632,2.0019680790831975,0
67.44786518825701,6.711608615639818,4.914652400531956,29.78887066637129,4.81631047133009,1
51.74004853400801,0.009904445947655232,4.424432496183522,13.595488436006276,4.825129342445638,1
76.0284446220904,6.065281597357631,4.758304803497768,20.349238438063253,6.096639255108998,1
59.06544429410843,2.038419227137002,5.663712362830421,15.784540316311556,6.899189142728977,1
82.10388645952773,4.048669133953021,5.055818844605746,25.366974254904115,4.881169637455012,1
61.20863648649295,1.212984538184019,2.0414003792484245,9.249340899130157,8.711006629588526,1
98.24901607526309,1.4496721373955421,7.495820512235068,20.96004250301825,5.448469489070583,0
63.251200614956446,1.34217099901772,3.854513948520387,13.442421631066546,4.307146987986201,1
70.16907725691486,2.1984104741311667,6.478493728222299,14.486494583132018,1.7768652817943442,0
87.20275826054504,0.30083490841891436,10.0,15.734019875586982,4.474680959367665,0
56.53703525349067,0.06086396183994254,4.161230816827153,17.01792317141342,4.327226109177728,0
78.41189901906193,0.7361361760275618,0.9394249545073405,14.070167655024335,6.920609592562941,1
94.60714131423643,2.439396695081679,5.427991556239778,16.71770546536421,5.924967248133708,0
50.88775148158159,0.4509261088732207,8.201919269997141,27.624944460497474,2.6412617567347656,0
77.76950787798457,2.238236818663958,9.916694908441187,22.883597484921747,5.344508772822075,0
78.89824191372635,7.007260780458419,3.5409008110951663,21.95323673997517,6.343062343458107,1
86.72734307665965,0.19721278744357393,6.993398446473043,11.355683791809035,8.056062718775665,0
56.44573933682877,2.2331581678090724,5.069379086439893,7.886073374173406,6.7750079348281185,1
55.193150803735854,1.173075679514347,5.788103291391729,22.642404465902022,6.521693308622956,1
82.82912348425347,4.052063244387033,10.0,22.008374340238355,5.120171989230327,0
79.45477009849779,0.3899621981172876,2.9940593432096936,26.781365406007858,5.776624010846899,1
78.75739275518815,2.3593797527607077,6.5074793229891466,10.168154992246164,7.499009801412317,1
80.19672314245463,3.6417417231952913,6.935386343530866,,2.3344452050407005,0
64.79962917632264,5.786864774760546,8.171572649878694,1.8841266997965267,4.301121345566088,1
78.48380545741506,2.299272469969244,6.1959663069417905,11.860231151513016,3.4548625024875186,0
79.39608709948021,1.3750252252230792,6.616101079008205,22.97256408463558,5.758306237452248,0
64.28472872960448,1.923869711101883,5.216702865156417,,7.460444351301575,1
100.0,4.0636658187358226,6.538253882490214,20.12383836160659,3.8060514265578522,0
82.10749381367681,1.6907781841380116,5.313615449005179,,1.0,0
57.13044754196027,0.06171663546781039,7.243143779712102,17.592456225772484,4.17555850995106,1
84.84830412950744,5.345811014598346,5.260779327912732,5.8184688814746615,6.826947464034813,1
60.379774946590175,2.3393150720223006,6.754200787804373,15.681675597071209,6.075259805899759,0
86.80626905613678,2.257195087758978,5.941474372630044,0.0,5.8563724956211525,0
92.37893368511106,0.4858639960360479,8.252100501544337,13.504830734704122,4.44001339625104,0
62.68976522472434,2.1510739873361775,5.897212552823028,1.956214050278879,2.4419385275604273,1
89.45064193866483,1.0013031297917176,2.453935063586237,24.647956132374528,6.030588643248935,1
81.19171390404748,2.106702271374473,8.523843001427984,21.21925882211609,3.3314363799307505,0
87.33090239991735,0.2254261375653921,4.188535398274762,18.73336785572865,9.368193466760912,1
100.0,2.144984636931713,4.6924673227023606,27.16804981727504,6.141014416709032,0
71.31917825995694,14.883445819408811,4.808677411913016,7.408667833401302,3.838703394892098,1
63.693957534637654,0.09882599778860138,8.748876186341635,28.978905583324465,3.777229505222744,0
61.65728355561715,7.559726225124457,1.728651572042609,22.457532514083077,4.814111586772824,1
62.762845725518424,1.0448113649091946,10.0,13.107557702248432,4.5209961559565,0
73.84347435878844,4.092066922031506,8.112113618132103,24.084961177463555,7.233667551059908,0
80.11727962224965,3.050060113868585,6.4464778282583195,6.149651900706926,5.372832339488093,1
79.15036198995028,1.6741102118531048,5.890211998767427,8.40388670777861,3.536736522182944,0
87.40774873554035,2.682253571705317,6.571108149715314,10.131282214082397,8.780881370311565,0
75.1950283781686,4.215938201916679,7.042244856758677,10.768178335487878,5.0986166630404455,0
96.80301115735975,1.0355001572974054,7.290431171900114,6.547538857917978,6.537679351937793,0
71.03014750143066,0.7921184495820129,7.111208932006897,24.784664536762598,3.7835469851104815,0
100.0,2.202792634344614,6.179161362510498,12.929164797041347,5.726231255489047,0
84.3850102164751,3.2989156859421467,5.605323159385348,17.820039746855038,5.62221998228639,0
62.14263665375576,2.873366737641024,5.697453432692977,,1.220701415807694,1
58.93661252908332,3.197130952895551,5.610183439294638,0.43517359561186275,9.030550220921281,1
82.23708622864778,1.143924993483773,8.26754019373413,17.160458867131375,7.581288921845094,1
71.64805822011223,3.4056762127717266,7.1871134445617235,0.0,4.205609367708025,1
85.71000741138138,0.2561419253071429,0.11922273067143951,14.450927631316251,2.795460519088289,1
82.09856436860318,1.5726712566885659,7.311801553059522,4.053479689337516,5.6951232276071035,0
73.9075663101469,0.011550611032507709,6.389472389437549,30.898207993846462,5.173395398828793,0
62.29809422897392,0.7848583818863757,5.962582487108206,22.290901777397774,5.711337897126459,0
52.27729162971203,0.9128691252583723,5.222963093822228,15.846030330171843,5.383154792388179,0
68.30227571899468,1.0089340703773348,8.248225439972027,25.109653421237347,6.012481978611852,0
87.84598191485209,2.3779530040622885,7.895052924245716,8.229472180274113,7.8946113987836135,0
78.21140616195306,0.983870685422813,4.454244664352782,19.347835029360745,6.136206410257293,1
56.31391831932018,1.190929171127857,6.81410457424907,16.59848346974971,2.9006890021801177,0
77.59771388776772,0.5424212974639558,4.056686530917428,17.11216065066936,7.7251257054249045,0
80.77976069593255,0.9344208011013524,3.240763670422139,25.178828000854143,8.281229126976575,1
61.74213845698301,0.5156501950660977,4.74656555082007,20.859936822238417,10.0,1
77.30587658918292,0.15202617651077444,7.724786944765517,17.309789302600187,2.753011933520804,0
75.87313077669,1.8498991906369124,7.906250090752174,1.7609005101736308,5.48576402630055,0
57.85544553254066,2.206522950142138,7.026170840194586,7.31962963776429,1.0,1
80.36681040522424,1.9324874602968365,7.450191573695994,14.018328531234207,6.106298312758418,0
83.41176789552351,1.2453552300338948,7.032356574229917,15.74697899421321,3.9035994036664547,0
91.24576864762915,0.9553806895597998,4.717036809554095,5.958370202608609,,1
90.80703078052355,3.98042544378951,6.8638450893478815,34.29341340462737,3.450770059962836,0
54.33495948064363,1.4641161096031872,7.600819050455365,27.131152442028583,1.6216339240654767,0
60.93262440127316,1.3047087830304989,7.508582659627148,19.81694656313987,4.0574725185949605,0
82.7255290081299,0.051953107884028946,8.377826742949285,15.576294890269958,1.049024457565725,0
82.70678926368313,0.8348157628215953,7.416607694402128,13.302328240790786,6.50219890901462,0
82.72571529459071,0.9567027297976104,6.702896415083166,7.3846523198221155,1.0,0
100.0,1.0177310283959984,8.140300476632856,15.6198441481509,5.056915162366318,0
83.5633576603975,1.7358221097305413,5.9469574815018795,17.062020321142004,1.0,0
92.03348460270898,1.5254342087057378,4.236250697544564,,4.359404390926716,1
89.31002645239803,1.8725027165496395,5.673866072112472,17.67341133795918,8.286756311609068,1
84.77086876958697,2.8953462575737623,4.510194710387102,13.75792760940201,5.72129578287159,0
70.27096133039481,3.3531408029703296,4.6496434500512365,0.0,3.273012790070132,1
86.38453830739901,2.532569487662782,5.710962658568964,8.116919913763985,4.937593022121832,0
63.40762178193643,6.225597450008411,4.415160158000077,11.691155732626846,5.036033744088893,0
71.44772089889986,0.03680168916540005,5.384076940721919,30.101501258721523,5.945260691686811,0
67.71954678256344,0.4357598214250259,2.2127706660924287,19.452424996270064,2.266283273438347,1
76.22811209079484,0.015183237062831378,6.426587414745877,4.316147447200869,6.185134547694661,0
100.0,2.0852658528155033,6.002410950724449,18.888290315341095,1.0,0
46.99102211112378,4.566164020132954,4.365822737863619,2.621568088493076,3.7402308952723793,1
85.2939028556177,0.558058688555547,7.31849133686481,23.661528431096585,4.023452315096911,0
50.80926193215522,5.235538332447438,7.875140275253116,11.23100278545697,6.266653652142477,1
67.92102201315849,0.12431980387744128,2.7848802712620517,14.250910490086634,5.045261705353738,1
91.33425895451049,5.449457846000236,4.474550442867572,25.60637318033752,2.1888738922874267,0
75.96420028643195,0.8665649586130768,4.4617153004254035,4.702691451326,3.0300137483659695,0
58.83382833106041,0.21388092278387372,4.120193797782271,3.82305451909607,5.397360019094814,1
64.27044436110047,1.3305650977988233,7.658949683863497,10.331205389231961,4.841865316270887,0
85.19396623402014,0.5935171261563438,5.612347722454393,,3.841751780728507,0
64.04450052424295,0.6705899851833239,5.470970317378779,2.8452313961852607,4.038332420976041,0
78.24687884372962,0.7342875743225572,1.992275271186493,0.0,6.392335994318578,1
75.6835775985572,3.249366039930847,7.2708360604184525,11.39072913272801,3.964614854261571,0
65.22599478591275,1.5494142762765208,3.521483210293055,19.413926399287362,4.823817511941853,1
100.0,0.7459213915069051,6.119865260532657,24.602093997910636,9.339873176161085,0
84.50878533477017,1.8849295219090247,6.554753875916384,11.294709103316809,2.152634726232154,0
44.622861200135894,2.5186234492962027,8.721317191677302,11.70858714307198,1.2963145368506828,0
77.79681472154141,0.6366234844160921,3.382359201761776,24.231205874045976,6.567179329597213,0
65.07320302847418,1.0673326679182042,0.0,0.042066402436635286,3.6427138774117935,1
87.78650002194335,0.2599579190428011,6.36769908950739,,4.36352494451476,0
63.11218892350949,0.39970713544427744,9.601022363021707,16.52339111940046,3.4376872437377717,0
73.27895337799652,2.2858673852523403,8.477892705878874,18.593749770280276,4.480399718464975,0
82.57480918470685,0.4004131229672945,6.419318830549251,,8.197076224192683,1
87.98632791255181,1.4895689994642,5.0167276287359055,15.27552809364673,6.604256917236238,0
56.99555389416336,2.469181998879371,7.614245193274621,0.0,6.724447023773954,0
69.98248146238578,0.22606176704094086,4.0529076005910625,9.734012701329213,2.167545888414709,1
67.87582033258566,1.6754777451362937,6.952715538712439,18.628069700435738,2.6976925268942615,0
65.20006151139432,0.5929419201849683,7.010940318333254,7.141647725962564,1.0,0
100.0,6.589725943615852,8.12041981499776,15.47187377271678,3.381238357834492,0
81.07472566441433,1.3215367426536142,10.0,18.574980006421583,6.913406372771317,1
56.08674068497432,3.2797174348707183,6.784831934357534,12.25960639313788,6.033893031496742,1
88.76792920582164,1.5980224999872223,4.9820727485850025,16.363710167972567,4.556973474095752,0
100.0,0.08876609855973225,5.9488513756160115,7.298139477723102,4.955399432563894,1
90.4869789082672,2.0056119671487047,2.4618481902217635,13.347109762431627,3.622228914849189,1
52.2094505106898,6.048401040249465,4.610573737821884,19.88172935671378,5.409517764803568,1
67.73648890700623,1.840656845507649,5.181435123773792,16.255783687747474,6.53175655896123,0
94.00366723779933,3.4206044294154583,4.951823204130815,10.307749843488516,1.7682264251790545,0
64.38495801571828,4.3118930603080665,6.304709744067444,16.793731234326344,5.599295375674696,0
81.65729142219342,0.5177481316730005,4.355160135235598,20.716878325092942,6.8648697419093345,1
86.61951080144006,0.4766281883603115,8.242061334648943,0.0,4.169799422073261,0
61.09604292632876,1.8882541294190607,6.000414129836394,24.272592519647183,6.401401224241168,0
74.10711965907299,1.0587548646671545,5.981399357722771,12.309962090551425,10.0,1
26.38098989896391,3.6634299643378476,5.344210566974164,18.40391946592184,4.791314414026216,1
59.63418537998565,4.605632707425712,6.310381367717958,24.57797538916182,5.786614100010647,0
71.2114777291026,0.8721209568470294,7.650196529335269,4.026610422156272,3.523885832677217,0
56.28325227052726,0.5406552292168861,4.2657395685782,9.324471980579627,5.362502325204101,1
99.48616955897452,3.0330385915848974,4.683767021849487,12.691610432994361,,1
53.54787933059051,0.6426322454683315,5.3925479424466705,8.729971831004573,5.3896846805402765,1
68.39933269954524,3.45885785103807,3.30825815305357,28.87949260669447,,0
76.96110865929137,1.1023866015108204,4.361484280557004,8.145823249385657,5.412723542650902,0
96.61909933599173,2.2025310064107404,5.047558252910682,10.555625764105066,7.924391877435274,1
53.46206773230841,0.2008240345822516,7.748778361425455,16.635112252823813,5.897271529029054,0
92.4474562823244,1.9555841381307484,6.52512265800385,5.382803791391289,6.923974378143682,0
75.1534959152938,1.20211227592557,6.387179822735089,,4.525976059974744,0
60.27737023428074,1.7667202081332096,7.701795924335944,17.539626090001402,6.499800478847421,0
81.93155211394907,0.36787982984631584,5.725256423201206,12.33711676493991,5.558535676433052,1
77.98589543360205,2.6702426094970653,6.780929699857779,14.252905128800414,3.098178540625536,0
65.99674684261808,3.9725885264237553,5.793556494135007,10.765343100413034,5.637042009597749,0
76.04703127485028,0.48858065337707873,6.530724698799257,2.8842375265538642,3.0166066731193792,0
69.2202960470736,0.20122042252560193,4.834482684776836,17.57274569071391,3.734239450230416,0
76.70276017876873,0.04784491986314798,1.1223656834471418,29.03946457317793,5.378656614584748,1
84.9319601178157,2.0542853760991746,5.731441675627392,15.147213046267504,5.594488546760248,1
98.79025224218029,1.868369946647836,8.845496272199881,16.802112937980397,2.621535069845742,0
56.43276751759726,1.5823908267671314,7.852430804483185,20.541782040934876,7.107971542365752,0
100.0,0.5277933258825777,7.930794969182341,4.845356027626407,6.144012556600946,0
45.71868300716247,0.9915653301304104,8.472261443612435,28.620117265036846,3.5905431287782323,0
72.72322357446625,1.805152095078644,6.177315181922875,,1.9248304071016493,0
83.82475809726864,1.3734034299838318,6.394631414811191,28.05485519271287,4.710190841837138,0
79.2148780160255,8.810266326762653,4.7646962091313,9.135736035808085,4.10811257227768,1
65.65950720269109,0.29338322523065463,5.3678542879459,29.5444953804626,5.226280914106046,0
71.87816624464087,2.3758351248409273,7.231542299542284,21.201243952278265,4.273766677688867,0
67.6049859801175,1.0360992016207988,8.407768874337632,19.424320686818866,1.0,0
66.15952864583683,1.1179306513034315,5.721107448638001,16.872195634825182,4.223306123397683,0
87.74403145531537,2.528845722838106,5.099621470297177,13.011771055404406,,1
80.35523228947571,2.358145150639629,6.001055917713194,24.60425326779098,6.267322049548118,0
64.60635607109019,9.47877361572874,7.202413497858229,16.122878958784376,3.6036006507779006,1
88.49399813149876,0.2748362482731662,3.1122903677329163,0.0,8.357349346745131,1
79.60949281314915,0.21987450008131082,1.4076380937255237,6.062508306343981,1.1767188986964858,0
87.1929317825844,2.5771655313470845,4.898926301016833,13.513233982458022,7.622334995605248,1
84.44443262885419,1.7273345009359609,3.5585751481716827,17.47999186532444,4.55136205824379,1
62.56507483616892,0.6408531849000523,4.983719604705378,14.547292088800834,6.719169744687113,1
66.59728439704546,0.16550137469559495,5.704439362365057,24.751766318349304,,0
86.20940407684893,0.17910174212781588,5.093503181953973,0.0,7.279111072050938,1
84.15555398150197,4.492237024931178,8.90493506894149,16.14870349204128,4.2252760708943775,0
74.68647609053778,0.42605806371992805,6.65348952920464,0.45616619690276217,2.8027591496443756,0
76.75991074963173,0.7812659858951616,6.600948719221657,21.077698363873345,7.841008574542126,0
94.16497343682637,0.5140636601912666,7.244414288086804,14.244330284463977,4.773038708235718,0
66.12642916746255,0.8769984696208415,3.7223337644384618,18.356879776192944,5.443116947248421,1
83.20646071755057,0.14390272146325966,8.078223574840537,8.08893631528187,7.46950382808959,0
71.9671102134916,1.4640246440510696,5.8484714269290805,25.235719453262007,2.93608951581113,0
71.7347819515917,0.14001369275488273,7.340961234482425,23.33379731247081,6.190981795278515,0
91.48165277980786,3.222444084318504,3.856285533919689,19.6683544240951,3.820210487074218,0
87.38124523482045,0.532394615368412,2.8924824679678713,13.963862025092475,4.735661288711256,0
87.20264454000957,1.5531093822971893,7.6357793160500576,19.638858282361056,5.144557930768578,0
94.58218210731494,4.241845632979484,6.752819052195033,9.344859456101208,1.999556277106128,0
75.31505762449139,2.104664080820528,4.1958968912849794,21.844445272165697,3.4423259143591305,0
85.22929456942445,1.5226712651494634,4.260673837450611,28.19584715459137,7.702145784826278,0
70.34599865109816,0.7841120849682921,8.25086956882954,23.564884479833488,6.772382377169591,0
79.86249528732664,0.8099362024476936,3.6211762142653443,9.163180241540724,4.87472084534553,1
73.04785418448473,2.2142183011394723,9.285345906511926,17.891338538184822,5.486246917025786,0
76.45493947489078,10.278993349414609,4.1987585307042625,4.654867649930818,4.411514988727085,1
83.92735538155371,2.1684674539304623,7.276783851216766,19.579122489405407,7.713166771655964,0
62.726689751497915,1.6319110219359625,5.3427630485020305,18.60482730290031,4.599294844411673,0
100.0,2.6234910483856226,7.206374862164687,0.041469283742687324,5.463684184269696,0
59.90973927750447,1.2517458559648178,4.911771995771614,5.70572924870109,7.29206028828413,1
56.787170808184015,0.1240536869664351,5.674414187855412,12.734888826049863,3.445257030308187,1
92.37166310250102,1.652428520287922,6.081838350791442,12.59312202287339,8.117578368993788,0
86.87494040944404,6.32240685459067,3.9956250884370546,5.324184516649558,1.9390771805132463,0
84.36179725578234,0.38547832588140707,7.4816486908402515,18.11182983481747,8.259284262225597,0
84.4251826389642,2.342397516936516,4.97357286705683,17.011788871524097,4.254648832096051,0
74.81629840729629,0.4486226874845159,5.542800169319963,13.445846944171846,4.514602504349437,1
61.54118442771252,1.534998852052893,4.011301250782975,8.953667998733096,1.2199796576341142,0
76.1370683729059,0.20334896740472178,0.875332682409379,23.38965701133251,4.090410565244614,0
64.84257432731832,1.1970233156917613,5.617944474799662,28.243256904706364,2.9203869379462315,0
89.62679600126627,2.8225133170849133,10.0,,3.7847073092530548,0
72.79413927746792,0.8541075229709083,7.569208575796048,10.102664662761434,4.72537806842224,0
62.61754204811233,2.186722545752177,5.961479240531211,18.92966132329597,6.9155832289458115,0
70.1792123752051,3.1738852858327005,5.474218341583464,12.13576496202411,5.415206702801251,1
81.19397181413436,5.239469385408418,6.044931785624093,13.884822394694126,5.615353306802228,1
66.54413170794038,0.5348233754311112,7.09423823035042,20.917225213797373,2.8089612223088753,0
62.666694066503524,1.0193722658290696,3.6383743693823103,0.0,3.2384918207945397,1
78.65530817237868,0.3307306906448056,8.228643389337744,25.546418598821354,8.597450036702623,0
78.67449856663085,9.78130992409611,7.430762630882488,,3.529597930473507,0
67.39585236943306,5.234618194317145,7.436371451415869,11.708054843502559,8.31241650411459,1
67.93442541572516,1.5528711975982454,6.876951477619454,14.286126766228408,4.513877602238267,0
78.48074906036454,3.6907419841239433,6.03923331538798,14.69943484016415,5.004575872287008,1
53.27873487754014,1.4719339105965725,7.34572247193364,1.1503895724405968,7.140730320459859,1
53.888043384351676,1.9541296972434616,7.1836282674827565,26.95950581962589,7.543784843877313,1
64.22333668121345,0.1866979590860436,5.2919185781179525,15.330605058164947,4.778374879441825,0
71.7982927243223,2.8152028703114778,4.852796454206198,18.544017043579,4.223513892956922,0
79.66361348397007,0.27327467045781423,6.203712590523973,22.612398164592342,,0
97.13034325424329,3.4981774698706785,9.098040302990375,6.830700339517598,,0
87.86489434803029,3.0467781340373303,3.5217858486921982,18.787775192281828,6.782607373739511,0
72.60092205054859,2.467110138187218,3.06494946849512,12.858871272809651,5.008459717988303,1
74.71475688145966,0.07366073610310624,6.329521682473033,21.77416620173195,6.237772596046307,0
59.96205953043287,0.7223080801031003,6.101775403712036,0.0,8.276719464541882,1
74.72230296011415,0.610640278358255,6.346683328740816,14.207245598069848,5.762619224529569,1
70.67012041619793,0.893000524039034,6.487906395817,10.177434753728306,,0
79.84077840507135,0.18344728114475525,5.55359549073039,18.458103605073244,1.9621783498198644,0
62.59153584671515,5.527902601784148,8.979726877204165,18.760353498945616,1.0,0
82.79019771361759,1.613986037526363,2.798192043046969,9.338992841423792,5.776751458460336,1
97.99108369503867,0.7291962438952043,4.343005950439508,9.302609086591652,4.8103515374382555,0
73.36859777314713,1.0116148622131982,5.793490479701905,14.114677051541364,3.970434650170516,0
81.02567583148412,1.1855272044852605,2.7136223776916655,7.826862181478335,5.487060408372689,1
85.35215987566669,1.835555340441584,5.648291191135858,21.735869563617015,4.879192541606184,1
68.98169292171245,1.4500165040908792,9.322940331456037,,7.255560501267797,0
78.36138722715626,5.036314093035293,6.041772976591924,0.0,5.1722217365179555,1
75.18888601172692,1.374185025841579,6.461401811437367,12.001423547025551,3.5061534298596646,0
76.46514147823248,9.69652653072047,3.4796704696548395,6.691649433248221,6.980332477918578,1
63.404853242168,3.8133302266565607,4.7672771839210455,1.9497934763124363,4.565737850107595,1
75.36765261388415,0.46767736767886375,5.249607239352126,5.10058689421942,6.053073367344615,1
82.46997436868175,5.335598921177708,5.364569806487532,15.87526777466376,4.045178587614399,1
96.76715411692562,0.2474255590198859,8.563287590007537,25.629126625985847,3.7003462290051274,0
89.3890623912781,3.4014591480214516,7.115382121450249,17.50547579091984,5.168336460371393,0
100.0,0.9580832373341943,3.777084086125936,10.147972894274083,5.025657287087371,0
63.489786556679256,4.207047536486472,6.49300955686401,18.64723356136562,5.9596540707336665,0
88.08480955081018,4.0507658383112535,6.99644349699357,11.327277518248065,4.462708493380515,0
77.75013008607527,3.279025316714895,8.280298077042533,9.443197046694843,1.3272804324592054,0
100.0,3.121585387128522,9.161081373136748,5.765098654136125,4.1344522328232225,0
62.87552571967273,0.7267637391835735,3.9698116163442627,0.9853695459862468,6.587636934287631,1
62.40417236728836,0.16876265840149893,4.378284977579323,11.880610347524438,4.405247841513787,0
66.00911031833967,1.0316099294845993,3.4848442821707675,16.264427919361054,4.507233194970904,1
43.141564135352894,0.3811700467333151,5.531960281786037,14.227010639880882,6.972753011811874,0
67.11367467478858,2.374566301954948,6.932716748892669,11.672264576421131,,0
63.61301007669453,0.8496008524262127,7.974669033178204,7.434031514425751,1.9143935635142006,0
77.25590679714311,7.427180604254166,5.848097952714954,19.86596953347975,4.678737760949011,0
80.12633963665739,2.0487102290722485,5.360304953490312,4.46294464042732,4.031652097502526,0
100.0,3.4573503508198753,6.303515984497481,21.208223310747805,3.067507360493492,0
89.25635757279075,0.2843364175331189,4.329714196739954,6.982263848586202,4.649243088202619,1
66.34644516506395,3.961213086672902,10.0,8.98051810117572,5.983011294493568,1
61.52377992977463,5.121602897232266,2.7846779457638826,3.265718475074584,4.981422876864369,1
82.37878757259759,1.3352002810964987,6.369481157791449,10.988782824914907,,0
55.19650189469037,1.8640930996499812,10.0,22.80249966782383,8.626815397030846,0
100.0,2.8947214686636755,6.013599689119996,19.125024707551653,4.314242276884872,0
92.69160181081931,0.38435261690915856,5.619921929997011,22.82737689622428,5.556697269289339,0
67.96236521842943,1.396585096432789,5.285109154379145,19.177140367471488,3.9815732748017307,0
49.30298206363683,1.0171996313391356,5.639216636475185,6.170641371757046,,0
95.3080856124812,0.31652422209052206,8.74569694935306,12.35368620537954,3.83018469316446,0
73.28190232121074,0.916258964913463,1.5762761773409864,8.7584069670603,4.042482856956623,1
93.56724467960193,0.14121472540822042,9.066867402592651,25.644599232312324,5.718951595094251,0
51.08358511808449,0.05230175993762529,3.15208569509971,5.425690828589508,9.698151573401514,1
66.0093746556934,0.2904360646571272,5.46669534153117,22.149581515112885,3.5679131274483193,0
75.07865549577275,6.599906679954215,5.141511159402676,22.143630960870155,4.166749388769075,0
75.70470890647113,1.5949255331162457,7.177106539541439,29.636961613728698,4.873753973777504,0
68.24901792781135,6.7523556637682125,2.803751296232505,,5.791597697419494,1
84.34274898521248,1.1330215820164997,6.9243453321638855,20.698577276641295,5.52710162390957,0
58.98569355926108,0.7473984566614081,10.0,33.25321469231074,7.5681915878962345,0
72.8643077246806,1.4110139495545995,3.273651990814379,10.058866584530428,1.0,0
76.80443447567848,1.1578937812530967,6.379412335220791,2.7196780197411226,1.0,0
82.71658251088124,0.22334900119678386,4.676035644406782,0.0,4.008243655979701,0
85.67422317133335,2.0478984087949854,6.851774412386072,20.70169623089065,7.1946003750874175,1
58.13036862243196,0.4867899239966613,6.038295554831504,0.0,1.8687039367888074,0
51.98828743896567,1.9330005690115275,4.717026181911381,12.021447576496618,1.0,0
94.16515232847763,2.1007936786492394,6.975744569742148,18.498505496311687,6.142358812438418,0
79.98471017969388,0.32980790310889285,9.608696219573487,16.48140429463931,5.487314447405429,0
63.7727019516517,0.12662441790106277,5.618192416545402,18.40355891347338,2.8195831864011405,0
98.26727963283784,3.0351909864478603,7.439515884296364,16.778318846406833,3.02892079855814,0
76.73511951439288,1.2316332441827726,3.4134540842576726,25.230926506507146,3.0605125607306514,0
92.6894577609574,0.11984780020763171,4.087127246363982,,5.22107063494788,1
76.01277722115164,10.54386395347333,6.9448125557607545,9.58403889233175,3.747369447633986,1
100.0,0.11903416284884737,8.96823205707193,8.818724437833408,5.98812783795104,0
100.0,2.3751180270003025,6.71122669757132,21.64153449490088,,0
71.2655377728139,8.230596155313906,5.373883938953691,22.203188707160507,3.286296269744401,0
89.57356426431534,0.546717233914294,5.998582810846708,18.609802554548065,2.7478920781778995,0
84.68063924377721,0.3068837224671699,3.499184532060565,24.46794933511942,4.487318643255016,0
95.52947336298523,0.2588168120480187,7.209030652710734,5.575673060988954,3.923904483019723,0
60.52614809129843,0.7227294118822196,7.764666124646818,28.337792892409098,6.595687559791533,0
85.29077189997659,0.21304640710312298,5.095819334333839,27.185908973698066,1.281326456679885,0
90.87636730274382,2.3563589398563667,5.059915704480997,20.884975977965972,5.090982952661504,0
48.618907703653285,0.12863292759905418,6.531756459304097,29.25439127016848,6.116672846423411,0
57.25112231001337,1.4243425048692737,5.126560527918809,1.7470143385778094,8.71329487312391,1
44.411517333598496,11.42575977359987,5.867734770748355,10.804414909898785,4.03646805781305,1
70.95889748333164,3.363697553353431,10.0,9.117572314544383,5.6489172087050346,0
85.76313383693943,1.9101641532397473,5.505948598508007,20.771834590058745,1.3922744148752701,0
97.53535578144042,0.7312976661739705,5.283319695957555,6.598874083182835,1.0,0
76.11142170629662,1.9557782856380472,4.704916388729682,21.059961194699884,6.6895487515634,0
99.42923318356938,1.4974951117590685,7.4883839429998735,25.96428915197371,4.9888794127038585,0
54.29847812677663,1.1105423226333915,5.637551653563794,20.561623200671995,7.357025379596846,0
49.44926340967268,0.28015785172069024,4.701253923357148,17.27000818929201,2.2531942220605017,1
74.16678451655072,4.353742119624095,8.642608064546025,7.0970132727940065,6.039804279057505,0
80.76098173408961,1.1948910595855644,8.839206009027274,8.225192270997084,8.737635681087706,0
74.5095787785886,0.43288836412282716,4.79915286852259,24.996951242373335,5.839411216714532,0
43.98836849940185,0.9169703667658705,2.2669200972787675,21.23479203124266,5.5531630111820975,1
73.66319940730817,1.069313869240268,8.015027379673844,14.687843844979646,,0
55.43295749242721,3.5151555021810665,4.630740348479992,11.656723633872875,1.8582370857481756,1
85.04508823245058,2.6456206457185565,7.581251198325537,0.0,7.711145871420696,1
80.49897369145272,2.9333166523403835,2.059792364576329,6.4331806505244895,3.7782847203898684,0
60.90180320508967,0.022185120043067726,7.785194676598619,30.291352697117787,6.008966512766034,0
67.2919962399496,1.0762360528819508,3.5776561414384376,4.756355431980266,1.873931386857493,1
59.11179717166573,1.3130294420763213,7.461528238133049,16.515838569768647,2.641080670984439,1
74.05981354090243,0.0387576789328926,6.028546135672868,23.059551785561588,7.870174798444471,0
89.32713480751858,0.6017054080436526,4.092121161206711,4.96061865598166,4.305395422084314,1
60.21410930496684,2.856649363428756,5.185927374146439,16.477683798248666,7.906550952085089,1
82.56069773276766,0.29493543466777855,7.372636913913402,22.50332430008524,4.843538681882964,0
67.04613572441339,1.5327700905297164,6.211788906230469,15.099994575258002,1.3162044540842852,0
63.10690751606484,0.48465751215378755,7.168825960944968,37.94722444533414,6.784135199463441,0
73.39454460068163,0.02438966049755524,9.95288116903097,1.6512059289744379,,0
59.47136516370939,0.5520379237005987,2.8715167765778973,23.46982823907103,6.397377627034087,1
66.69526041979228,7.448910046285756,9.234425149937248,13.617586100828285,5.050421735080164,1
57.03183161116728,3.2343063159230945,6.208711875046426,21.1753612386934,1.9137635441142593,0
100.0,6.416695100382467,4.202431903353744,18.530457213593966,5.328589530741138,0
75.52895327957593,1.338291248222336,3.3393727485220204,9.134750423120028,9.3924462843056,1
64.50411738011121,0.232474908390385,5.621759218445933,16.83197113967472,5.985972917028919,1
78.20969866101333,1.587966954003389,7.843300223848919,0.13678838881370226,4.884964493989074,0
73.31507925463755,1.211655262173857,5.744901759244931,19.82598000457115,7.150686803913795,0
71.68545600700166,3.7203817747996184,9.022309860494694,17.385267727924205,5.4213369304062216,0
84.21250050065137,0.20646463217324765,3.0976486198968822,20.10928134914482,5.4190684605255885,0
86.36261565070957,1.3398034712596925,5.975822104307891,23.464946600697203,2.816749655681795,0
67.04248278584208,0.3251523674358489,3.495213111173762,17.94095872167769,5.467696051579197,0
66.3627263903298,0.7851251900274089,6.727263765249936,16.18471535838621,7.07088683283389,0
70.87422454272534,2.6739197560495818,7.773774780194601,7.951453306709662,3.3278756957999507,0
40.471182528966224,1.2925963865832355,5.158476412637894,9.302233890807592,7.848991642493895,1
52.27213406702172,0.9428517928431852,0.7915722867457315,24.49387696141865,4.816587951709748,0
95.50311401166786,1.0033230803171564,6.397896293592989,26.49068324564783,3.2244609769229187,0
99.67451570251926,1.2303243218338464,6.873477103467019,13.095116509503567,6.995264153840489,0
71.26445940665432,3.074388403788928,6.8085895099233955,15.368021978026192,4.426411528523461,0
83.6483544458365,4.452817032647493,8.471564383644308,,6.519029774972216,0
79.66875231815304,6.2171161260445995,3.8578926407019023,24.38205476213956,4.4164827354829255,1
100.0,3.0920192609113952,7.360432210900899,20.32333458953423,,0
91.79362367151865,0.7578612512081025,8.38501502495595,30.529739491709993,5.987120408668583,0
73.0812361277885,2.330367869362041,2.4428248319869663,7.973415382562089,5.581794115180012,1
60.666893390993614,1.1510949867297877,6.639303651837954,11.975936807854263,1.008936439096523,0
50.903305196136415,0.5878580804979554,4.9916403379846574,16.85156738020458,2.7575125198112165,0
78.05195453800835,3.676087452381157,5.836954653796708,20.171916301806164,6.858819969581631,1
63.654738820735446,0.07836823348751211,6.695352967076673,13.274658899618942,4.735726822196906,1
53.666194356034886,4.640724186080744,5.025542871772895,8.016311276370397,3.9525373944571562,1
65.3014067363621,1.2378518696785592,4.648583841676777,22.051260231388568,2.2828519694850513,0
58.77677994578407,2.027815262669115,6.0683048349760496,20.76908290036465,2.840527357448303,0
100.0,2.1538224714325245,3.8255081222743947,7.6698071954902005,1.0,0
88.22459635424175,4.509833796118041,3.828349742229629,25.843542408843966,4.797438562596934,1
74.88041038025074,2.0248857840085424,7.358746565913007,24.36158967357283,3.803124838837906,0
97.19916208335039,1.903491728221744,3.702411929682688,16.07437197798234,3.0668242180293697,0
76.16052461471428,0.1379544015638108,7.332625001818424,15.636782899008292,4.8637531496640936,0
62.08073698007605,1.4613160839784363,6.925182585707902,19.43246216892726,5.727941261705476,0
97.84686115904486,0.325435547513243,2.5483865424188066,8.106375437949936,9.18639586441989,1
83.08365065526988,2.67450383828549,4.64487069532869,15.240251833312657,1.9762331608735728,0
59.441307685103155,1.4357894646508567,8.388218806094745,0.0,7.318762086601044,1
72.14491982874588,2.2802926933430165,4.037668937720637,22.011645164023484,6.946203122030144,1
61.86572619922865,0.0851322388327087,5.071191475381225,2.508054220465125,3.4418145212465987,1
54.25800403553496,0.17720786933695706,6.924121786503793,27.027358627431994,5.406471909172062,0
88.89266321297463,2.519840759965853,7.566781018565191,12.359039248268397,4.084733501324769,0
100.0,0.14962885926925268,5.496922227911009,13.306664144550584,5.371377160837477,0
54.02148639271288,0.14784585373802417,4.804979610616717,9.978128751323954,8.0182620268091,1
83.44453855035856,0.024364760019591942,8.844739723397016,12.69568900862339,6.211212465262626,0
65.24036146317259,6.270052972439578,9.477799327595157,26.348250761184293,6.017216746466884,1
67.69311924352957,2.6750720860313217,7.957716101563591,0.0,4.139381360090715,0
66.11409113641696,0.8715952714673983,6.1706362851300485,25.215723088705502,2.0318866701513296,0
62.04013845480276,0.7034759624601976,4.383468556718148,17.704187848813664,4.583063578919184,0
75.7278244191724,0.8606529013337602,4.3391111868868695,5.343826817142276,7.41321630972783,1
62.535748253834434,2.9802323994633007,7.045028210531515,6.397500855606097,1.9456642868207048,0
79.05685238669759,2.1656980352570065,6.836796441777367,28.411144217665623,2.88982126364661,0
74.24642835826295,0.4096143102199993,8.80319718589286,7.4359449604581505,5.252535472468137,0
71.41577929700385,0.3825857629100438,7.300900185072278,5.773195915232325,3.030690430305475,0
61.386545069376034,0.20715898238867897,2.993839396480364,24.098516338917833,3.414953105769575,0
66.34843004147501,2.1594008200670256,8.103895235445837,17.708423010287312,4.152802836543646,0
86.33086838738635,2.8910075984474317,4.003878745371174,7.496595387708809,2.268765191619701,0
82.5137578143657,0.6158958991071806,5.232057456095297,16.73299980323695,3.0517563075672633,0
60.33667132802174,0.042334836903230255,6.500400412503389,6.793978530877782,6.4068558335746175,1
76.48998458143839,0.1714898149138722,9.99133497956793,23.80657118738084,,0
86.27080685057683,6.875310005674686,10.0,23.49096771898507,1.8042557310103247,0
49.95892078317942,0.7003771306072507,7.2134461182723655,19.256049590575543,3.7399500409322113,0
83.15040288569902,2.9326080866080404,5.633606762559224,17.893288489976133,6.463911005019692,0
65.0606436158123,1.959865010976076,7.069011296961101,29.08950499893899,4.606156384006221,0
83.5589800288974,0.9623383116586516,7.775310851747673,,4.070837843768763,0
63.55111265186225,0.46055603791180705,5.358664748885617,5.545006996633591,5.0887175950312145,0
47.92676849003222,0.2588201781142023,9.590422711824644,18.595791302658455,1.508585134280696,0
50.58686343175256,1.909091256958961,6.460141518382804,31.68837639629691,5.989411307550065,0
75.72127419992073,2.9800571166818353,6.995486178182788,6.881924054513183,5.766870062807288,0
78.89583752582223,2.065111267127418,7.3318485041089225,12.108297866448114,4.181383051808558,0
61.43525062343387,1.5113312553729448,6.843173221228911,18.331568304811622,7.011849023592833,0
84.57888688166061,0.08571317461821808,7.677881000939225,14.568761207954086,2.7450078020939226,0
50.0771990659656,6.914823059507108,4.765493626906154,7.141571356981483,7.255817986507138,1
74.00880302029024,3.20605889768872,4.883396492107939,23.974862849843767,5.308987331190503,0
56.834757003563155,0.6929458572752945,3.79969153405661,33.56032577613807,4.326894820243654,0
65.22245838296762,7.821081145434436,6.879002461240453,16.569051672191257,,1
75.71098006974621,1.84201160893896,7.557873007024228,7.767453682111998,,0
62.09379952074072,1.7465710040897007,6.915545732303771,2.6083157995721997,7.440565792835434,1
69.23166683655262,2.757233256410029,9.348984866695075,17.063807849769447,2.846641745057973,0
90.0943921382166,3.3401790676877536,5.988807962341907,,3.4749615217068035,0
66.34662195715276,2.137011781496099,7.337483311185025,18.801341971963055,7.07260578414496,0
87.53538168097712,0.2741513239607699,3.8165982477213714,14.98076927264917,3.8089301296322815,0
58.05439718013573,0.8257877846310165,5.225800595051198,10.28582678568555,6.801066154663183,1
82.94706266872925,5.2645030128484125,7.391075515131555,6.2626909382552824,8.398871966017419,1
96.6235293098685,0.5087927757418879,7.698204221486288,21.678010610599056,4.196409946116733,0
37.92533249809066,0.9309622188253593,5.412066104671635,22.310172971084686,6.362724653150611,0
63.046571167942844,1.131538453437462,5.856801496283866,2.634161706474135,2.692615437320283,0
83.6560819077081,1.157513081846666,2.964252506638381,27.71871182544547,6.509466596135619,1
71.9543192093551,1.8983489611044637,5.285941598386781,19.59256976715201,5.3988479719735345,1
80.56718810056964,5.7320707675603915,7.780766327039572,26.196757161166346,5.94607656432043,0
65.94022219926269,0.5506974485483729,7.1504100322131325,4.2629780121190795,3.70885585592921,0
76.2988468120935,0.2590818760099047,7.001331442762419,4.073406756676489,1.677833168865655,0
72.66484146911881,0.43997330378772953,6.09954737436192,13.808245521861625,6.006504129499009,0
92.5167309248971,4.359406162201104,6.014126317256353,19.022275415161552,1.0,0
78.8163126495182,2.0758481621524556,4.679357721053106,,4.36529901551493,0
80.06403993112804,0.6734835557580368,7.3976568404050695,20.648631310521054,6.88236373283994,0
68.821845508163,3.385062375549441,6.841945888778779,13.058549785503732,5.3837954717460725,1
67.6859066389126,3.951893478399391,6.984037695985599,6.789046338672863,8.896685289579626,0
68.51162718270568,3.748296255962151,4.9479303146648395,24.8400045817532,7.050218305163547,0
80.91678213567445,5.024799086548464,1.6933141602575112,7.282356593994281,3.692203223348847,1
68.68523278769605,0.5813491448292308,8.19430542350739,28.027748438178573,5.054626759702877,0
79.34662285344619,2.813336441646111,5.042325087983191,12.724922803147926,4.905258594911128,0
100.0,1.2343714157042285,4.274448471913759,27.724656580942803,1.8356464733077456,0
88.06687055147539,3.6903021741469035,7.386957823827988,20.431450320474227,3.1192021670312933,0
70.10964701748239,2.6075176038695136,5.215974720161741,13.904036084460333,3.8784781860402795,0
93.01820883245918,2.9962175077311857,8.119872768093243,10.844829025390986,1.0,0
68.87886940467673,2.1351683813684184,7.234011899153395,12.272736981231361,5.094986936503286,0
44.428131972332196,0.39064039524789174,7.367138646400955,18.426533539001902,4.501856310693919,0
59.87870533623894,1.5750340483844092,3.2680885775989315,15.617251969741734,1.6542121973768515,1
46.938121184612164,8.35585319003389,8.423887970772801,10.249508735450359,5.8084257305546645,1
69.72729773938038,5.541598776014865,6.522501062467712,13.674948717458943,6.431745489381919,1
75.27627568784328,0.08826689223517215,5.261445721507593,15.628616237753198,5.454068957729778,0
100.0,0.36020360230150983,6.286776934684502,0.0,4.35186364958206,0
79.90391060646245,0.2825022803053705,2.44752953420336,18.66534491830959,6.18288430350371,0
71.71349206786704,2.589107708120774,6.817305622961341,7.162230202265546,6.360440720953382,0
87.44108371775233,3.4051395613916924,3.941256983635857,,5.614807139439376,1
41.832970364881724,0.48035401670010575,3.294659428312931,1.5012452231143172,3.350775499130478,1
78.53421837162848,1.409843227679058,2.9552816275642178,0.6488600170568777,5.553201531022362,1
86.5629779083045,3.6739701409556074,8.225376749979851,4.156419975101686,7.390961301650957,0
52.821206313302376,2.639527237294353,4.741473212614423,9.327832338956076,3.8067418827765396,1
92.15631064810394,1.56280828990759,9.067455419833,30.626073100212544,9.195878678264862,0
80.07744611241621,1.7848930091400645,4.928397073895404,10.792962592838368,3.948738132029231,1
68.77068129148797,1.420019300136812,2.5852840848141065,,5.064814026680272,1
84.49172799159427,0.706357700003241,3.7669511201026817,18.20385109205063,3.6550288079873274,0
100.0,1.664919614936311,8.471623240013876,16.048521489726788,5.446541671840522,0
77.72799382587743,2.335187262193625,5.688203644126665,14.38045231419205,1.5155566147294497,0
78.72330879450504,4.132228150214905,4.903425407018798,5.437649891206043,3.9079164023665576,0
68.10958650689633,2.022804309749709,6.320036451705575,26.607420386233695,2.8157575993028656,0
62.25233445802812,2.8636007591710517,7.00356547233509,29.457573149103084,5.270676695784582,0
87.45503724816368,0.3488773409782476,8.234797631804922,1.538730447018514,6.988894751017815,0
62.15874261136699,1.238149037332752,8.896998459785852,6.807771272908964,6.2920123742291025,0
76.07349355829089,0.018750864328912313,5.280462708421829,12.76151726098395,1.0,1
67.83513829852325,0.5665273347157338,3.3479046278359235,7.2836976407184695,9.08413930585576,0
82.18469738619588,2.5926273712225716,5.173069677753448,19.047724427646923,5.590559881241736,1
80.00493157930423,9.609670881772278,6.520561013165772,9.173822380747096,3.4470017190139997,0
90.56309916386849,0.20889541942218554,4.0724821475787785,32.32044854245282,5.314255837981881,0
67.3497540171788,1.0266385134428386,4.085698170209914,24.52438875474877,5.352379645005385,0
70.95187597059943,3.2195856378034966,6.687575763099771,16.70059224505772,3.6663025660968724,0
60.31854426326539,0.4564017225231275,5.902695296859098,23.215890106557858,5.395833334684151,1
68.33560109885832,1.6197438246952314,6.065593990823173,23.84720339485847,3.7850554247593857,0
80.65950739567279,2.641547365136271,4.483009330599861,10.488420095534053,4.191276014619954,0
86.35482924968028,1.9141496743295314,5.539198571588465,8.470262043664281,3.6274417284898313,1
61.167520137335615,0.4165708012669001,4.151533711463391,15.625144503757179,2.1346574205206945,0
88.0440888015849,0.8782027410459814,7.780396822249574,21.893088995983554,5.291672940430768,0
95.33456788207427,3.063026749787975,8.070498669447506,16.11248318922734,6.170598873032676,0
81.20152354835551,1.615888670392353,2.3076242755238123,2.3840281424720224,6.029767192152745,1
100.0,0.010486671668489952,4.1409782796151795,8.577404448393262,6.639850505270468,0
63.39316201344641,2.8625061336552475,3.006941489819842,14.408217091244977,5.648680420029736,1
56.33017945032874,0.07189975462310841,4.699952131186204,14.394675165393357,3.934549003566193,0
48.319196266435824,2.738746922706088,5.833124060419278,30.780337414318467,6.679327728862377,0
97.44066467233775,0.45249813730374433,3.10070956060294,3.9120964608080158,2.28496492031613,0
84.81548484531086,6.343673439119572,4.156280373749373,19.044713934686996,3.1986572349750397,1
74.16622993634317,0.9175442825792067,3.992085255837003,26.912904866626317,3.071599857153511,0
79.19952939479731,0.7918166886067127,6.414534658797888,33.17159796338237,7.1601121182786205,0
58.11766429052435,0.3224232166702378,6.138688674072501,11.76482061452831,6.885577028280151,1
100.0,0.7294263726977145,4.556524893325493,18.931435621761597,5.97461047408999,0
76.93831772962841,4.185471224353278,6.353641744278796,19.558082857589177,7.1438597304235945,0
76.64092191907339,11.217492461418113,4.906639830825469,16.563853852426327,3.241434435176024,1
85.88649935848038,0.9187115365375602,5.456689779347894,14.209238390085552,5.6971902397219605,0
82.2151384760507,1.190628121020739,9.346904180597074,18.487803116000368,4.749651143233671,0
78.35826036418698,2.5607787424898194,8.680922103580695,0.0,6.693764207769828,0
63.142883168320324,4.346551358926028,3.4008375261448047,20.45655592050105,4.769551534895605,0
82.07202535703993,1.7981020573572335,7.6594648357583495,16.009423229295738,4.230114223179838,0
100.0,0.9936011989118629,7.622793108983184,13.220200825773876,6.08181703712198,0
95.18130069232467,1.0641728863006745,3.7034734224947634,31.374897565756463,6.752338334382466,1
98.89779939959095,2.3789445375116887,7.637555287509722,9.600527849675583,3.6633096103063965,0
67.33176485353222,0.00644690670446925,9.075863836825105,11.775392087479753,4.877848657295248,0
60.15592769612129,1.9330078377851705,3.7549103875111722,30.93242641763787,2.8831187327166945,0
73.11319619850528,0.8785392234594991,4.164994357971473,8.343509561201147,1.0,0
75.83587368433042,3.1616749762215917,8.035322933687006,10.599077736507688,5.400919262827458,0
91.41287277706422,0.19520501797971207,6.542990621651296,13.8237966125532,6.217810712509264,0
49.613030554277714,1.7744459787556734,7.1029525504790465,21.725875857036392,5.524133618173451,0
97.9432547919092,1.3115983237872229,6.681178432800993,16.662420058826505,1.1008765644912657,0
72.62988152131516,2.0562639929492894,6.781391841856288,4.658997222781899,4.298301139847051,0
68.5967839507887,0.13410435702136372,3.347055743377834,10.742651494982484,1.0,0
59.81843437109749,1.7349239341762885,8.094635413242896,10.141164534302309,7.7394022153083695,0
50.177149922013456,1.6487206412057611,8.339179984855548,14.382231638215636,2.827890835763828,0
87.34755875942872,1.644963786201368,5.541218511863945,18.406749269038635,7.510807218919792,1
76.09976950782605,1.8500962654148234,5.913046100372275,18.345646047103777,6.891739287368291,0
55.65058650388419,2.256914115647508,2.9377849948885557,0.7919059676127826,3.1988192949278766,1
55.57381841904576,3.2693986202319856,7.0285095120356695,23.511527900486847,2.73443009746451,0
69.96322951064808,0.6289303722524986,7.144114883428288,17.02055076797299,5.700740432772676,0
100.0,3.486503377622462,5.875617966001378,26.07625638075125,3.3113519256338577,0
71.10612972954593,1.379329232519219,8.248706719741005,18.553586618325376,5.204969284316415,0
52.45285570322841,0.16037837492673826,5.331845538040119,23.8105836618861,4.034344818386163,0
71.31385403871083,0.12067005215011521,7.1292118517872005,18.732362491601016,1.4376831710687332,0
70.90914645378494,0.8136470167205098,3.960671322615769,25.769806049621984,1.0,0
34.546700355876425,3.0732763787940165,5.952895698251524,19.17800508814223,5.453368496989194,1
74.18557700223282,2.4598187680415684,5.651291484194329,14.216678028456768,3.8768845073387492,0
71.53598204686983,3.1081479929471953,6.4506158440818835,33.17947776357505,3.8938203661717354,0
85.44309547220128,1.4565916664303762,5.260946142333283,22.112296978239137,6.3917276781875705,0
100.0,1.1603478237958065,5.737054808656664,19.589955368035305,7.346884553264889,0
91.89847544321637,0.3190527684537657,7.652094342883013,,4.454910557276381,0
70.96666964167754,0.7955676306647306,5.126471525523565,4.693539060291698,4.3188025861802775,1
58.40211136887494,1.1383908344384663,2.7868457985226414,17.341723857134827,6.000286066227767,1
100.0,0.18554774320512346,9.499167808410842,16.164169582145927,2.2861288606008494,0
75.88827651021732,0.498492443961226,8.762908157380974,10.08701947993347,5.446306109495394,0
75.2089393786942,1.8237275609175219,3.4154746097887627,16.12786159689648,6.103771943644308,0
74.63812369334995,2.6610618138194018,7.379415610490389,27.709015424348767,6.3604604168352585,0
77.97127141151782,12.810945761268286,4.994050458897314,20.56321979640239,1.1264945949950702,1
72.83459382114086,5.409511208808631,6.526974430662119,5.871931921978094,3.477289460382119,0
66.39506989679646,2.057604619605745,6.588448258026988,14.107929382856451,3.2434734943530668,0
66.79711588139412,1.0937626198971955,5.531184399367356,8.560268153179514,5.199773908818426,1
74.50870094676003,2.022177591559709,4.432468668827207,11.898400668731512,5.961489159535968,1
66.84862843299352,3.0803052694861854,4.618917895367481,11.691074674962858,7.993420814891962,0
64.30731325984253,0.25188892897206805,4.167616169037515,11.178835339167959,4.010069039263854,0
76.59645341537845,1.0549431023394578,4.3363555835391105,4.958917024212841,4.004855003381572,1
71.17534173868717,3.662693023676061,5.865643419901289,13.97876254785448,7.2993440377574945,1
97.55989482874033,0.9684743405698264,4.568480021778496,10.51513890522152,5.59315387706061,0
35.23545287410482,1.6966673924200901,7.36410413142524,0.0,7.535303022375947,1
91.37260277883692,1.772344565063478,8.974492310671854,31.423776196013304,5.5774560060196725,0
93.69127788746444,0.40784947590070186,4.839893517259914,23.710157233733376,2.6857667625734583,0
43.89914651387776,0.8995721890978609,6.478809001070754,11.989594200600031,2.333743290444387,0
69.85968608879477,0.8144672081772699,6.999370220605868,15.150552397924788,1.896975501882142,0
69.42838701006313,0.05309191042933922,6.944004541838549,5.626765221459506,6.324103669516946,0
53.88732457923268,0.048978382541060635,6.151910535832175,28.565783022486922,7.377193646174016,0
63.33274968613687,3.563979224278279,7.4853648367194445,30.178309558184893,8.698724282772762,1
58.34136231801257,0.6378524128600701,6.9644979053613145,16.253549825972197,6.68621066464648,1
100.0,1.4599491874370412,3.5246751553454043,23.188245153482757,7.325677155069972,0
89.03517589721191,0.7097119801597861,7.738312128778547,16.40229423147139,3.8399673346926306,0
94.07332642491238,5.649592072317046,7.774581674533485,4.306196488992555,2.6871683665122865,0
85.82508096064853,0.6003104364011886,4.473427791642837,11.705413048290742,6.700158664835106,1
58.06422343174156,1.1230340328371808,6.075875670895204,16.055423734175655,5.835361504478802,1
67.1321960058034,4.122892866231186,7.366657985622139,11.363618250052447,5.214888748681785,0
82.34061841841877,3.6894797419642567,5.581372360841277,13.250773780519712,5.7747429612659795,1
56.66808286662082,0.41183902538112394,8.145956095532023,14.268803539927085,5.646370964916412,1
85.69497645258582,3.2454851544975876,10.0,14.35297201707631,7.567633719707123,0
71.39511902762797,1.2256682929649099,4.428027934730036,15.418067923979866,7.589971169633912,1
69.37768788675604,1.3193043951075851,3.2379107936924503,6.515159468827193,,1
85.66439952305237,0.2865401137958053,6.607637191209752,9.26387080697651,6.691605745125856,0
81.6639496722906,0.16807128414664674,7.443125010252287,4.7233258744002455,6.028125104849551,1
69.5855075127138,2.603460202902878,5.538267252310462,22.8225243974896,4.077660535930762,0
92.38994705046372,1.3721888291937,8.906521326642068,0.0,6.51312934982628,0
58.78405008600154,1.1484210082822626,3.3227884005535024,24.228722746535404,2.2110098622814767,0
84.23903410416395,2.615027202630076,7.385837246063222,26.090795178102745,,0
83.89651886952575,2.9007093979347705,4.788278358482213,12.582555304139028,2.61095412046793,1
70.35680341029014,0.34610886152079895,9.438755812414593,0.0,5.571606573589466,0
79.89199533363177,1.884372025833694,9.985030706336236,12.109515504261676,3.309692083147682,0
56.23329635422046,0.29087039905574946,4.466686824433304,14.486526709689446,6.1067779661488535,1
88.86040528810352,2.783619775654699,4.90088572818284,6.915214240568693,4.932149548144182,0
72.22646795335517,2.139788201231888,7.719175773959604,10.878252849534057,1.8104880836733352,0
67.1591546922144,6.275265571920649,5.225738700420971,27.241561590906812,,1
90.73513838755333,0.14290181501706456,5.909177564135524,20.319417298413928,3.844158446334579,0
64.4348446418586,0.11749405364967493,6.05077684108482,7.6034870849752005,6.762293441626738,0
53.873080554546604,0.6630925871897281,2.1606536876046873,2.219206643236543,5.002651377468815,1
51.65056239714144,0.6068254627127664,5.972324507811526,12.383861459121832,5.790841970776077,0
84.0901492701846,0.5673237925914545,4.620544451871652,13.292345765196494,3.084862089969576,0
55.793559712555755,4.734344948432619,5.013754355200456,18.96959349890653,3.821335537145276,0
100.0,0.5741543771272133,8.887264006937627,10.717466299458728,4.082722727797831,0
43.77105888174417,0.6347703513083895,3.4869862114414873,19.09199660289489,6.713404960485112,1
100.0,2.849224507194322,7.626410373495954,30.481232320481833,8.354754175610978,0
78.16526200803928,1.194728197730114,5.442074139336383,21.5240081795541,3.3896564965142475,0
73.54930332194411,2.9985727965169193,5.440479663008331,14.615291941353819,7.153696289315361,0
66.82621369786575,0.13520087752385032,7.580743792103423,,1.0,0
80.98704171528107,1.3371869842074735,6.680102589137781,,2.6116211978154213,0
74.43547946362727,0.06838304987589966,7.141225994439062,,3.0824430876264506,0
91.54952823024783,0.12940390302126384,7.9363693210657225,9.981492432389576,,0
76.71341472993059,4.738250236290968,5.337383233633354,15.36178167199986,1.83282322042484,0
77.25452642192816,0.29989159809289007,4.775526530984499,15.409583215048682,5.825997824275595,0
69.54581681679217,1.5203725621244197,3.829698946884404,10.985726457507745,4.5718646045442775,0
74.14581564418398,1.0589828438371227,4.34917894004209,4.020275616927194,5.75881079521022,1
79.6170265333809,0.8534081111890731,10.0,,6.380945372243026,0
49.347474110150614,4.601839874017654,8.489359161473573,14.51196822515693,5.531233986345067,0
54.77721866841431,0.04413009871000306,3.2978512675839573,19.00192375549256,6.315526352300747,1
86.14896141034072,2.180036761665379,3.3550840865128597,10.731197548486666,4.860935427515461,1
77.56298157191912,6.615109958936734,6.963732123436983,24.766570390504384,2.6260132233885107,0
72.24024995470981,1.642725720561704,7.094529594755934,7.985809750305242,7.115628361641592,1
75.27650899598089,5.523612905838238,7.097767670634729,28.696322272143142,3.821775734437746,0
80.21372558042506,0.1073456765916481,5.490088412892605,1.0189079213739074,3.1288074024751484,0
66.90360479535957,1.0852977045945922,5.7490914799942,18.47816051645513,4.644164248391204,1
63.32542911896531,0.6026366931013775,6.655759048318715,18.803445460212988,3.174378161406974,0
77.93767882646523,2.6247571261462808,6.171786012586661,8.635543456472941,4.165139236021136,0
60.32440833577452,7.958152357683365,1.5613992545049298,18.3951515028881,,1
81.12379133571707,0.5928538951673028,5.540400738849613,25.23614935808127,5.696683478492254,0
49.46124593643239,2.1236425196600632,4.297187131479372,0.0,3.2043398671487413,0
90.43733455988465,0.4415368302685593,6.350422837817024,19.021958459926516,4.02458925410251,0
82.08896223619564,1.6663374842959167,10.0,,7.148666009540488,0
78.84044601470814,1.2469903363446437,6.7349633309486086,7.274681571814336,5.992800235467882,1
89.74036475918271,7.151482261816231,5.372940627655204,28.03333091920756,9.150130078697083,1
99.98211666693865,1.8756788560754667,7.843603003954504,10.345743732863568,7.360256347483055,0
90.21555097527195,0.8600475535058212,6.965375774418425,5.608960284728219,7.288586137119879,0
47.38688653002532,0.24229288715124034,6.840188980903682,13.416498168122544,2.224262899088396,0
55.806345498964475,0.32797372744287256,7.213701186431342,31.543250705308417,6.527720703266845,0
65.62772133456482,0.5106025502817646,10.0,0.346542022351791,4.8937863966061785,0
75.3913657531625,0.5779435711227396,3.7382231293481687,6.589520706885244,3.898036392923501,0
82.76488530703685,3.802470988526221,6.947264153622909,26.97945346543701,5.336030681065057,0
64.11384280269802,1.647526970233589,4.147237740036923,29.861618748301858,6.890423069222967,0
77.80150146715617,1.482117289570887,7.111025292684497,14.172550205677728,6.001663182008423,1
63.66925601470016,0.2438130126825958,4.162626977027811,5.08757837978686,3.2430523973158802,1
65.82723295512078,3.9342223283101747,5.165266372789831,31.766748014473272,6.484917827185241,0
53.900083547276665,2.5661352237477213,5.409820171524188,27.755539133993572,3.724824915848072,1
61.151501308336435,0.14013338543903262,7.951633438689418,20.431575902097862,5.433366237928572,0
54.724730915754996,2.4608738012049085,7.836908887884828,8.50078120850064,4.393299865045732,0
60.36190120534001,1.5685006012347678,3.508565247107231,14.607765273295707,4.562267496528748,0
90.80462694911759,0.17051749093933655,6.109868221999697,13.717119351641355,6.5324859500810195,0
60.759016667520854,1.2260882412134049,4.580840290501655,17.64681043692462,2.919612560368204,1
100.0,1.32599763682987,3.482990178649331,26.60801150505069,8.890390148553866,1
82.39976851321333,0.3625031552436329,5.5659658991512595,22.035336329099223,1.3578278614110073,0
77.77254185542311,5.826393854798992,5.38303442308836,6.380991384121934,3.804664633490286,1
62.1246332972818,3.79391161646937,10.0,26.0119716001563,5.740423779883482,0
85.50464819113488,2.211408780520436,6.865919650721392,17.505057120105242,6.16862833287062,0
66.36543260643339,1.2408924793377714,3.2447649984915254,,4.799048558856589,1
76.83014721968043,1.0612593435136881,4.870451991658116,,4.885218593996915,0
100.0,2.105214668628117,8.042766590858797,,5.821100170655233,0
73.55910150413025,1.5768149486075849,10.0,14.713395370348296,4.5378610450846395,0
92.23909989428513,0.1285930600542531,2.8280333755240834,10.74836358912628,7.786362515869811,0
64.45235362311169,1.4369408438680709,2.24015122972191,2.457124597076353,6.678698228463205,1
74.47517264254557,3.283959576736265,9.741930350743564,17.77367982083936,6.74564870201127,0
100.0,1.2295589902644601,6.779228354741807,35.092452412675385,3.0676865532591657,0
65.5954941331835,0.10670994701689866,4.263414536247267,,4.841223151188594,1
100.0,3.086160213622474,7.06925817224487,14.741755111604238,4.3990681025585925,0
85.61627903183214,0.44969946737174804,0.7285045219662445,20.12434348059819,2.9887972486210685,0
66.56299836158598,0.5984861814967405,6.006751013194322,15.984625613249449,5.7203283678915335,1
84.48611608583282,0.3599438868348033,6.655642345686171,,3.924708484440367,0
89.58831674440094,0.8015972209434284,7.848540279075659,4.606269092433406,6.310807659700474,0
84.32714943325794,2.8273434956330323,3.9722080954149246,16.86229394352131,2.8596168742113366,0
51.446629201643155,1.4653810670480858,6.171374322806718,8.94588818387259,8.438081225683643,1
64.09294236262697,0.45852766957417684,4.149150747880825,0.0,3.207334682815876,0
71.28722046672743,4.204684802530975,6.510767511348634,24.556737764109847,5.438604674400872,1
73.8834985634993,4.233570102159669,4.2093073552739515,22.66708655873634,6.583718620776136,1
84.31008146326018,4.089360360204873,5.183798321679559,15.413287814808639,3.858719139599774,1
77.66551501399881,0.5457083328138416,4.008369210419541,16.83259750564562,6.704937286865901,1
54.96983461934848,1.200185792864586,7.3022724836473145,23.59454410172449,2.5416328043991676,0
80.70296776508945,8.398031449859902,7.716902233313331,,7.90423539836512,1
84.15878617925735,2.956928744365557,5.5307588600851725,22.232140438090514,5.028298529931517,0
83.3968567189656,0.05508655727376305,6.076475989920056,12.6201423930092,3.807177184062241,0
91.21171088331933,0.13485517563822103,3.1028171707329117,25.495869908591573,4.401636455145131,0
87.50883231823356,1.2469861955421258,5.400646703986426,17.566285807461473,6.617838538785438,0
81.88770118842655,4.798637099307362,5.8995907659165105,16.55241554884699,3.8310894162991236,0
73.94751432812029,1.547421172007841,10.0,4.839511290303744,3.501284621154445,0
50.085585997260125,1.3775634780977841,3.7760659484516728,17.29564683441367,4.556926804832524,0
81.44427328698879,0.22292194903320883,8.928354477504875,8.34436066004439,2.646075774460064,0
78.11531530744666,2.138767886261925,7.993717546931616,9.893738187772048,8.641087815883632,0
79.0736825579306,3.453102901260399,6.561272808980273,8.476994973471031,3.8672108175705535,0
55.84877136269536,0.9574269239343685,9.517240968390267,6.4701205448062,6.663233572360808,0
58.784151893876064,2.9887558366767433,6.744210945213726,31.998171224135692,5.4189401672955455,1
90.79729279999356,6.675130324104196,6.778318391335858,25.650712495907225,3.030931899036064,0
74.40667269215018,0.4557254862268262,5.89375869396491,30.362940017154088,4.988090581574541,0
85.22251046058936,1.4818601554042714,8.447137764837255,5.216839843555489,6.568005558621496,0
75.42477564195691,0.6769347337781078,8.192938467621767,15.57002999928714,4.623477329827387,0
75.44634209243618,3.148666886434948,4.748645425007576,4.651938998367234,7.386225891702056,1
89.07425708963997,1.7235736818792897,3.3615056108024652,9.434440982423489,7.043030785563728,1
67.25932907673939,2.013429035666552,5.594038725208685,7.654984132667401,6.837829709316659,0
76.44181165411474,3.1981254389021325,4.399922871204707,24.916672051532494,4.080686455454006,1
68.06587066942436,1.0082643918435608,5.87295085076929,,2.840315104437026,1
68.48255658851527,4.932328425225931,8.474876269368279,23.547034669552133,3.772824789274411,0
70.3624181479704,1.5229756749107624,5.08539668982642,19.832967116708144,5.392481881333441,0
78.3320065745057,0.34384322317863675,5.91435323737685,33.42911001683831,6.091573427064711,0
67.81877067504784,2.380791568992776,6.1160454696167905,3.164446214882208,1.0,0
93.83634188360281,3.1525996918479096,7.696861764410569,25.07386591829439,4.9837735967765,0
61.580890466707444,0.7618230895914206,1.5062213320307896,24.17152696320582,,0
72.19692533757961,3.8923299610267246,4.786599410469407,7.212969295783723,4.444911487368897,1
68.40403412588738,4.731971292062333,6.4225673845589455,23.057066691785277,7.582547678031758,0
96.704668265306,0.6484279191409288,8.400157912853722,17.689159704209832,5.843560148501742,0
77.94832164767362,8.211394244563477,5.01619510498759,13.180189920372738,7.6203838161617945,1
90.47766809202952,0.30330118076101104,2.246894587916252,8.408516104224002,4.568078959299536,0
52.716594404445416,0.4513326326293516,7.239422891932272,9.247124388406512,6.87495498501385,0
79.00575398803889,0.40723300053514344,4.7292752223487415,31.39849676628741,8.270132789055038,0
88.34446193435156,4.488438228368265,3.6206666818192774,15.00546255165986,7.623386898545322,1
76.23425983913137,2.1243247770694067,4.751309220573551,21.25704001225167,2.815716813142534,0
90.98220562598027,0.32999525250060757,5.630949284688301,8.672804946659575,4.492647844915238,0
67.24067324849442,1.1607923897797439,4.790510670923575,8.76117643022689,4.309670589100407,0
96.1402116027837,1.9105726710959237,1.5888678858018617,23.655878473999536,5.978509070152655,0
100.0,0.1743080506673147,7.794132393774264,4.203390307587743,6.372707110029066,0
69.55742159340511,4.281210880684546,8.549750082557445,11.678289856757829,,0
68.31746217898842,3.255239768907216,7.303043982679012,15.272219288577856,5.135677027833875,0
96.80076715676552,1.4072306561636723,3.724628659150367,15.89098081472042,1.0,0
98.69358218596068,6.830183846100176,5.597016932104964,13.56725371987075,7.88389001160378,1
67.15709959270097,1.0817484540587896,5.986957369541084,18.166558248767384,3.975251518646613,0
68.69719774356214,8.284170752902348,7.19758877912382,20.542846046542493,5.111727879688994,0
70.7732308670924,2.204758743269378,7.336680977436162,20.87710036367464,4.380700572023877,0
54.833242334485846,2.013915418987042,4.531652402443008,7.1135695306573865,7.29205515002683,1
61.220220802737025,0.36293559141326953,6.163991112827121,12.726759216569622,1.0,0
59.93788849871898,4.272917248176111,6.914560809230482,24.5581028950155,4.966779315348182,0
63.483036523438074,1.1154490627004505,8.911644644293533,22.15717750059098,4.788362485004604,0
74.47972668919829,0.3540314889653688,7.409013079649446,4.017124388151489,4.092727224816635,0
78.5132209880478,0.025375338245871248,7.578113374751037,17.811839202817612,8.452453091271265,0
98.25750739221115,1.6408508834277513,6.167653255858722,0.0,3.2253410822884576,0
60.024689388918134,1.4990102293170062,8.820918290407008,15.375479216482956,6.543592354471322,0
89.76483597714875,2.541319689494188,6.819525591918994,,5.712505577412167,0
71.79016733661737,4.419247211470856,4.277824179652859,7.41685826184811,7.523038505071032,1
74.2580443552135,0.16547360036109898,8.806739940250381,8.325415636067344,3.665621830444989,0
85.12229238249905,2.629782587521185,7.395806545078055,21.112238252582877,3.534062201752482,0
58.159169676565526,0.4150619883105383,5.113911957743035,2.6575878783228326,7.192139814954797,1
80.73614619276076,3.9063517051371166,5.041014065201513,9.937959760919687,5.85064261666022,1
77.49678312319584,3.419218429222009,6.593151090281523,19.77152910065402,1.9101253066464827,0
82.38676896012224,1.556511668598201,6.926369590535169,9.925713218484775,3.9213899710734594,0
79.33752965861727,2.477423886624125,6.394584531262413,13.112240102312228,5.772765307696122,0
100.0,0.7547763012227929,6.62261734688577,20.953485682520277,6.675528443093178,0
65.43390023623026,1.2741685735789232,9.39991474915276,18.37236866829249,3.64153869361409,0
67.03504567497274,3.4478678119179254,8.143086304469772,17.134547170363216,1.0,0
65.65289210362853,1.229652636848165,6.381271182530049,12.28702176583969,6.046446371474066,1
66.66784321259618,0.8857055923731125,7.882621161534967,17.960488922151644,2.5593586201120484,0
65.43919309040223,1.3632771081697286,3.934952192944921,,1.0,0
92.83524796661328,3.523421990534848,6.795854099893618,18.662444879406276,1.0,0
96.30756371984782,0.8165622809286673,9.61861269946622,11.024543799056174,6.627961720395483,0
66.43880559375785,0.3817438378825912,5.563908209215253,13.539448204963671,5.257234900809933,0
62.51466640343657,2.489686963470567,4.30473214276183,7.080337659583889,4.548687238575496,0
82.07123334579606,3.497149546569796,4.695822222813879,14.719939119950112,7.778048725925523,1
66.71665433578544,0.21213815219617682,3.8207339253152233,8.511993090969241,6.274649366046145,1
84.49397726633266,0.5485424366162706,4.430476183744593,6.087628398704053,8.232600085443833,0
78.04384531276949,0.3062370681216703,5.258983802819942,17.069289182843104,2.214529055666007,0
52.26383827504152,0.8552417231121123,3.188865961642716,16.701918206861283,4.930898752092073,1
98.21257801995093,1.1969506958404244,6.031236667899206,,1.7665732501039715,0
100.0,2.7632213889676454,7.804554347573294,11.550995443399207,4.541235336289065,0
65.80816964273421,2.106212651071003,4.184487639706159,18.264422774694047,4.502768292466645,0
69.18447660096024,1.940061230697862,9.038567847283538,19.406380578189307,6.253227274526141,0
79.28798086087357,0.868886742813942,7.021584177055189,18.558190462652757,5.091127762283796,0
80.01685184980538,3.6833396900686166,8.061161171248115,8.394770537582863,6.246814276559832,1
84.87816409009245,1.2746196880878522,4.684330892295726,16.19490785816951,6.406880266277788,0
100.0,7.736484833189782,7.709050454133232,17.913122368437293,9.309857354766283,0
72.34579158758926,2.0110207540195453,3.816132199209374,15.057427735263536,4.369406689427751,1
63.02554133192319,0.2699557143620505,7.780495001673017,0.0,3.117954598667242,0
54.31021157978209,2.2551198890215107,6.343678679587063,16.28391699178784,5.492167230632818,1
64.0360494008712,0.7863933938392205,7.106502439969567,,3.395439945720913,0
74.50309540689304,2.318809728049773,3.6488107887502967,12.119685849944139,7.963921536873071,1
100.0,0.14436981013908864,4.20986031544679,9.175383217157432,4.433563922109535,0
67.23583051445743,0.384456380918243,7.194456436506769,17.986788477691185,3.868847264252019,0
78.35681927458347,3.8722381020362606,4.1033039915515985,17.499025683732572,4.057368557697764,0
74.75365655890872,0.5154170866135698,6.926412584198246,24.541881323331317,6.436834846943282,0
92.82589910172126,3.6285148242256637,3.2657243870795085,4.937054752728898,4.68450603353703,0
100.0,0.6549982787574946,7.696348425333336,20.85104202059994,3.7166663597392353,0
67.03696840619519,2.0593775355004698,3.534953370462982,19.72337649001171,8.330703835247062,1
67.65840836222667,2.3693247368592774,7.104599875359046,13.862827704475631,3.2876603186765,0
90.66241315603608,1.437564962577099,7.251261867292001,17.70949854337352,5.071132148065987,0
85.22837234439467,0.7285811003779642,4.60645636314085,23.23565985278686,6.304612303220461,1
100.0,0.4781505203293716,7.164053134169453,21.978523040227604,1.7373297791658535,0
83.75892277988946,0.06750523842112144,6.520884526667112,5.855845503410171,5.96052100281185,0
69.61061863819411,0.7246572238024186,4.922316287614524,21.561265494043877,2.8897846490391013,1
83.85982246038463,2.11779949218444,3.982890631847584,14.482491159739853,6.645565561668005,0
91.63055370874362,5.571098891818748,2.074748616654842,15.582992784124123,3.0746979761620477,1
87.30723271796046,4.099058532192799,6.699300094599387,15.585575928013556,6.385538063697721,0
82.60911046660947,2.905422049494756,2.8703944572758897,13.79805608961392,7.211666132589425,1
91.00012034383731,3.1065626868274028,6.1906883988826165,24.53365997685652,6.72287305126561,0
92.5394338566851,2.1871593678433463,5.473103567835501,14.330256321206305,5.502633296476205,0
95.7323848655629,0.6029856265945404,7.358285550876391,6.0436309729346505,4.5373981141406015,0
84.73064831384464,4.754510184390181,5.3959090010202715,11.851761152242169,3.8471608473303123,0
72.49322879524719,2.2217684348401376,5.341104427305817,16.429557734483804,7.942069381634208,0
77.20070529649985,1.6439649757727608,7.463741408576591,24.833718274376402,3.6010095596647136,0
93.09763449762535,0.2352923957685293,6.670116058168235,19.82475747959067,2.9258678528600077,0
62.74596493519146,1.1849954467678743,6.632311914365556,8.195717770023649,6.33073787006566,0
80.53009963309351,1.233699649605991,6.938535179617053,,3.4077263936270095,0
69.09991781508958,3.9985063837139285,2.9288557535857884,17.118202487823837,3.099873005067746,0
75.43117234402226,1.5821737979715287,7.513577359973964,25.203125903992117,2.11279147566047,0
94.17677793910948,0.957364112895157,7.224937588027204,13.786284531382167,4.034180321078964,0
77.86648602029855,7.527234320704678,3.9666337428470055,19.266873957643597,4.834569952207014,1
75.69654822234223,0.234687599253517,5.511839052651597,,5.486183455321398,0
54.60215788530121,1.09826139730267,5.921385424744738,,6.902612488598967,1
86.19380349040831,0.08586651661376282,5.731006431196534,23.458946443025802,6.053795847331587,0
84.68226271711613,2.6934098993262916,6.66771993313707,21.977576000583824,4.61825556089364,1
100.0,5.0039400623277555,8.862733563662367,12.479306150447131,4.60360864724056,0
70.38332647570499,0.6571118298280387,8.163533455345657,10.426031664351509,6.020314937830367,0
78.28725491495908,3.908674591025659,3.3755616131371875,17.66086008259358,7.545140325857139,1
78.74075525566133,0.6912389358365987,7.244139980612097,22.465024578728553,5.2526283989664,0
98.66179919645211,4.833079569227942,8.65786663907082,13.218234393787144,4.061738291579182,0
73.57056701419572,2.804537783224339,6.773617041378405,23.521375725715092,3.014267997828909,0
79.18532288655508,3.268555534352877,8.181960850371933,26.620933963889435,2.109589471175549,0
84.11844764574809,0.036341292828328924,10.0,7.669432647412642,6.3325393440870466,0
77.79913684734537,6.583449944872794,8.047419092213962,8.30463436962976,6.155957047279115,0
68.30349578174207,2.594158104329366,6.498617191283458,13.876999528757308,6.154727050213323,0
77.91134989347461,0.726970722795446,8.090176948169507,17.46090134551357,4.742681107295888,0
91.10447624789659,3.5368047432098155,6.2897756661937825,10.803463889863593,7.813869491783501,1
59.602270508834096,0.6612381552146382,6.047806086569911,25.817621430937155,4.031763010830365,0
76.99454511220314,4.123263594828833,5.297171528572535,18.39253489214761,6.910538474414411,0
64.4981877759124,0.23887468496218844,9.126826717664215,15.315576385925915,4.922514210020914,0
92.92569943387264,2.4326710000883733,4.363142668115997,3.5127238090517796,3.783298470641325,0
52.15219642824338,1.5560967419345106,9.064735449356231,4.473473468579943,6.185060614635523,0
66.61617229092617,0.20303464305301905,6.999728247480743,17.24807400225445,5.819272237367987,0
80.65817812596781,0.5538636697766027,3.201387650396117,0.0,5.713945518533852,1
98.4828604385151,0.02496321695005604,6.735298585982843,23.101099277152574,5.162556844112397,0
74.01374608390519,1.265112753320564,1.799946984696752,13.734769245021438,4.924213836566338,1
66.67200709960203,0.7169681896743889,7.251016033662071,40.0,9.776743985740877,0
100.0,1.824385700831144,7.770462965977982,33.463330004928885,7.368513290392346,0
53.279791493756335,0.7054734398904734,4.815288088695893,13.548407446019866,6.445653789971024,1
42.017910650698774,0.7131187912493482,6.247095391911165,14.14930397974948,5.223598316406776,0
81.60021675079999,2.7188624456540524,9.908314867500572,22.96465211201624,7.014314401193339,0
67.46918663471084,0.09868058647991072,4.988506591476127,28.625380879344302,6.035989552782904,1
59.681507743039305,4.663924724382357,3.882184825886799,1.8957675405118657,5.052409505548071,1
85.6253467094903,3.8246550632281524,8.963326804925197,0.7089962771625071,4.3928713494681695,0
78.65701070656799,2.204064359026824,9.92517438106159,10.023721555564949,4.838165324674623,0
66.53882053894907,1.7989732801526803,6.007391343695694,19.661900665390917,1.0,0
55.79543401993658,4.456857780886112,8.022926070816712,18.974988724060776,5.421201678595284,0
88.08685992420217,0.40994475216797754,8.682951831061763,23.5581716398708,4.023047839779281,0
84.75301766937991,0.16452352064820483,4.5150315349232315,5.4024197730775345,8.185339996565768,1
73.51236204330925,0.5475850800686378,5.029388329264263,,5.038688141623509,1
100.0,3.165380471725468,8.46174902630947,21.864113562417163,2.6220731609300763,0
58.94872850510771,0.07057108699065301,9.370028557417019,8.374429816278123,4.9002396917437645,0
52.117122436128916,1.7484118784391343,7.125761720348709,0.0,2.9077578298749915,1
64.62137895178134,10.779776217720167,4.240371292995891,16.160509967675054,5.946814831424933,1
74.31620975466754,3.871667487671538,9.974122223398883,21.34540550574942,5.581894728678971,0
78.65009173984038,1.4739711440176355,4.9380582043760715,14.023542943029781,6.9156792622165355,0
71.38145913215506,0.13151246430506303,5.329724437657097,11.337212910540085,3.418236416610869,0
80.28083094771445,3.5601383086534786,6.684675668979243,13.725102142832748,5.068016192456294,1
56.22690863714334,1.827480515087411,9.10832084142955,12.035337900793737,2.2699564091467295,0
96.65646906109889,0.24418385460563458,7.707951953104447,4.215623104478663,6.402989563849429,0
73.76773232411146,0.197116926148923,6.829731000723821,9.282554584076546,6.0377423608802445,0
91.75943747382192,4.807615461568678,6.9265770602362124,19.170239240110515,5.991610042055141,0
80.14088019566556,2.2124842213761022,6.087029337286932,17.573428331012,5.003238062713883,0
81.85129828730676,3.5355406390448096,7.116279029037012,16.344478447734563,5.829545781577582,0
83.54650920348305,4.223580741509883,0.940879844611394,7.038812145172964,8.208678216617193,1
81.71562840025973,1.6962006741298403,5.406785081860403,13.547974702914663,4.429811485915972,0
84.64084139801315,1.4573263526231575,6.482643869833562,0.0,5.277290367420169,0
94.93728795198646,1.1257380841891487,3.697971832760986,16.427813311083117,2.8277474016371804,0
77.94781754552206,0.7623644402267663,6.77264663562312,26.43086166250854,3.2634780768033353,0
85.63505636382769,1.1404293797662677,5.591057558027757,,5.195626586186615,0
73.6539645856916,2.973375849333452,9.510951396630979,10.312578613457958,7.207867093403815,0
96.6017582317421,1.8422218156342205,9.146039450429713,17.632854229681037,4.487438351496855,0
64.85411546911095,4.460962211258672,5.068388861763674,25.02274107541987,4.528166941375752,1
100.0,1.171745047843888,5.698324576866609,,4.18622951099125,0
74.39763074033485,1.8683472575305777,5.852104868783215,9.46199736587283,3.930486658311354,0
53.53837346822928,1.995584919381853,5.096681047680755,0.0,5.589942911417643,1
76.92156622366184,1.7914922613190258,6.390049968056253,15.827505034464851,2.005484709642711,0
64.78422513787679,2.4255816251059557,4.48343586222482,31.336608321149953,7.5618791533334555,0
87.60965323483086,0.5421310394332255,3.7387693301249474,17.218867695717407,3.6691554037410787,0
65.21064031046413,1.4363711938048278,7.245422447800538,14.821768166530294,6.443806970876283,1
68.3072485017783,0.22013158695666166,7.259059168443621,17.576658486135884,2.4600028052122482,0
46.65688903581703,0.9706774749981193,4.391368480680015,14.911263968411184,6.337680261092436,1
68.21540521126386,1.3375612173375064,7.790710861525199,8.495885021918962,6.3438892156289945,0
38.64181010056565,2.1123948618385766,4.736844541669337,21.586239325421644,5.768404144011793,0
51.24145764771415,6.012820262463886,6.506330476075963,16.806092184894034,3.0111429564004153,1
86.40621984216446,1.8358394486662004,7.640688025224912,15.140906015469259,5.499096379196154,0
86.78700237976248,2.721985652713184,5.932774870592574,7.197071781774,2.633887630531222,0
81.38186342677447,1.4115169777113545,6.909481824282269,25.428063455478075,4.494473489807629,0
60.495357853061805,2.010812449434803,4.9671407122248565,20.31762196266488,7.058826201910652,1
74.2843296578703,0.14714715699226008,5.607066833143806,10.576633301061584,6.593403854141484,0
74.94596191364147,0.5871094477702782,5.588281138239319,23.014598829455498,5.030365885080866,1
57.624529662111854,0.898373521418981,4.506843306919523,11.019433292918343,3.050386848154316,0
97.55097452650726,1.2791876331344174,5.646451673768436,8.743972059911705,6.291175424348387,0
88.16043435863507,0.09344696800468241,2.9027634022725066,8.922375060157703,5.038762475396051,0
71.68553739255503,0.3017018210759944,5.01769250571579,0.8314515752952705,1.0,0
75.40328758491796,0.6481785082066823,5.430249013260658,18.772339043345646,6.565259652633037,0
78.12574211921329,7.117997798463182,5.48764049500924,0.35084097329319874,4.951534332260616,1
44.37397697363564,0.804980097288224,5.517005108258442,5.172449349873899,7.4049024959661445,1
71.29233926219105,1.315718605257502,5.876471600279742,0.0,2.8094589623143906,0
64.77023628003302,0.43655510089128596,6.958883036172128,14.311442457672856,1.0,0
59.975699851576266,1.887221450279832,7.749034148265045,13.797436317825024,5.55816771669037,0
70.78349560671067,0.6589068558228242,4.700469546303466,12.386430294509088,5.583127353363945,0
100.0,0.46384539709850037,3.593598289221711,6.65937844263539,1.618656744787096,0
84.61264291900514,1.4537083786488412,3.915911175513794,5.62212997250688,3.0430009082667873,1
66.43231515325805,0.011042023874619545,5.025594157610145,18.714958908372594,10.0,1
83.58874172034238,0.015387104540800603,5.296157364366982,10.595584546332098,4.388778771692393,0
